Dataset,Speedup,Policy,A/B/C,SLO,TTFT Mean (s),TTFT P95 (s),E2E Mean (s),E2E P95 (s),TPOT Mean (ms),Wait Mean (s),Prefix Tok/Req,Prefix Hit %,Prompt Tok/s,TTFT P10 (s),TTFT P25 (s),TTFT P50 / Median (s),TTFT P75 (s),TTFT P90 (s),E2E P10 (s),E2E P25 (s),E2E P50 / Median (s),E2E P75 (s),E2E P90 (s),TPOT P10 (ms),TPOT P25 (ms),TPOT P50 / Median (ms),TPOT P75 (ms),TPOT P90 (ms)
lmsys,1x,RAVEL-Unified,163/279/58,97.4%,0.085,0.139,4.079,12.839,14.84,0.004,8.0,4.6%,402.4,0.043,0.054,0.087,0.095,0.107,0.187,0.351,1.757,6.656,10.421,11.69,11.91,12.42,15.97,23.09
lmsys,2x,RAVEL-Unified,177/266/57,96.6%,0.086,0.146,4.235,13.493,15.15,0.004,7.9,4.5%,737.1,0.045,0.053,0.091,0.099,0.110,0.186,0.361,1.915,6.855,11.400,12.02,12.29,13.12,16.41,23.53
lmsys,4x,RAVEL-Unified,176/271/53,96.4%,0.091,0.169,4.372,14.330,15.58,0.004,7.5,4.3%,1258.1,0.049,0.056,0.094,0.104,0.124,0.200,0.373,1.935,6.983,11.661,12.36,12.67,13.62,16.93,24.17
lmsys,8x,RAVEL-Unified,177/253/70,96.2%,0.104,0.191,4.821,16.338,17.38,0.004,9.4,5.4%,1887.4,0.053,0.065,0.102,0.120,0.172,0.228,0.415,2.368,7.573,13.184,13.28,13.99,16.69,19.24,25.77
lmsys,12x,RAVEL-Unified,174/251/75,92.6%,0.122,0.209,5.050,17.448,18.04,0.013,10.1,5.8%,2312.9,0.063,0.079,0.115,0.140,0.194,0.262,0.460,2.398,8.143,13.321,13.78,14.42,16.74,20.30,26.37
lmsys,16x,RAVEL-Unified,184/246/70,91.6%,0.130,0.234,5.259,16.376,19.33,0.016,7.8,4.5%,2396.0,0.065,0.082,0.119,0.162,0.214,0.288,0.497,2.383,8.540,14.009,14.43,15.11,18.05,21.20,27.48
burst,1x,RAVEL-Unified,183/240/77,92.8%,0.146,0.297,5.283,16.856,18.53,0.019,7.7,4.4%,1336.0,0.057,0.088,0.118,0.192,0.248,0.287,0.476,2.283,9.112,13.758,12.48,15.28,18.21,20.81,26.40
burst,2x,RAVEL-Unified,198/235/67,93.8%,0.214,0.554,5.454,17.810,18.97,0.050,9.2,5.2%,1921.4,0.063,0.098,0.182,0.274,0.426,0.313,0.539,2.579,9.222,14.530,13.60,15.16,16.74,22.79,27.44
burst,4x,RAVEL-Unified,195/242/63,87.6%,0.448,1.258,5.879,17.245,20.16,0.253,8.2,4.7%,2376.4,0.068,0.128,0.325,0.723,1.058,0.383,0.733,2.833,10.255,14.618,15.47,16.68,18.67,22.35,27.82
burst,8x,RAVEL-Unified,209/223/68,80.8%,0.824,2.420,6.254,18.822,20.45,0.596,7.5,4.3%,2600.7,0.086,0.195,0.642,1.155,2.050,0.469,1.049,3.375,10.541,15.007,15.39,16.39,18.32,23.77,29.04
burst,12x,RAVEL-Unified,212/220/68,81.2%,1.063,2.905,6.765,18.985,21.83,0.811,6.7,3.8%,2746.4,0.104,0.247,0.772,1.615,2.527,0.543,1.224,4.122,11.638,15.963,16.13,18.24,22.02,23.62,28.98
burst,16x,RAVEL-Unified,201/224/75,79.2%,1.119,2.684,6.664,18.780,21.83,0.875,7.3,4.1%,2737.2,0.111,0.256,0.868,1.893,2.524,0.585,1.352,4.131,10.856,15.658,15.73,17.01,20.82,25.02,29.94
deepresearch,1x,RAVEL-Unified,175/233/92,82.8%,0.305,0.856,8.407,20.456,22.21,0.033,102.8,23.8%,6309.7,0.102,0.139,0.192,0.265,0.354,1.007,1.488,6.397,15.259,18.774,17.66,19.22,21.18,24.35,29.44
deepresearch,2x,RAVEL-Unified,172/216/112,79.4%,2.684,9.675,10.084,25.196,21.67,2.218,97.9,22.6%,5897.3,0.129,0.201,0.816,3.015,9.480,1.260,2.042,8.965,16.012,21.310,15.63,17.08,20.46,23.99,33.07
deepresearch,4x,RAVEL-Unified,174/207/119,65.6%,8.108,18.216,14.898,32.519,19.75,7.482,90.7,21.0%,4755.4,0.242,1.393,8.158,13.363,17.306,1.985,5.293,14.254,22.665,29.647,13.84,15.02,18.85,22.99,28.13
deepresearch,8x,RAVEL-Unified,195/200/105,65.4%,8.315,18.356,15.096,33.121,19.71,7.687,78.8,18.2%,5293.3,0.406,1.555,8.336,13.286,17.254,2.375,5.576,14.393,22.876,30.062,14.39,15.18,18.63,23.39,27.55
deepresearch,12x,RAVEL-Unified,176/208/116,65.4%,8.459,19.142,15.291,33.288,19.91,7.822,72.6,16.8%,4980.4,0.455,1.657,8.338,14.232,17.994,2.409,5.817,14.479,22.559,30.423,14.36,15.01,19.02,23.15,28.75
deepresearch,16x,RAVEL-Unified,194/186/120,64.2%,8.958,19.932,15.689,33.748,19.94,8.346,79.0,18.3%,5060.7,0.494,2.136,8.379,16.142,18.579,2.583,6.272,14.969,23.407,31.188,14.26,14.90,19.20,23.90,28.16
